{"cameraMode":{"drawMode":0,"name":"Shaded","section":"Shading Mode"},"sceneLighting":false,"audioPlay":false,"sceneViewState":{"m_AlwaysRefresh":false,"showFog":true,"showSkybox":false,"showFlares":true,"showImageEffects":true,"showParticleSystems":true,"showVisualEffectGraphs":true,"m_FxEnabled":true},"in2DMode":false,"pivot":{"x":6.233852386474609,"y":0.16519618034362794,"z":-5.529838562011719},"rotation":{"x":0.013869249261915684,"y":-0.9585127830505371,"z":0.2808224856853485,"w":0.04750555008649826},"size":0.1259726583957672,"orthographic":false}