{"cameraMode":{"drawMode":0,"name":"Shaded","section":"Shading Mode"},"sceneLighting":true,"audioPlay":false,"sceneViewState":{"m_AlwaysRefresh":false,"showFog":true,"showSkybox":true,"showFlares":true,"showImageEffects":true,"showParticleSystems":true,"showVisualEffectGraphs":true,"m_FxEnabled":true},"in2DMode":false,"pivot":{"x":4.3429999351501469,"y":1.2950685024261475,"z":43.20270538330078},"rotation":{"x":0.00002691611553018447,"y":-0.9999736547470093,"z":-0.0026878337375819685,"w":-0.008711332455277443},"size":0.12053434550762177,"orthographic":false}