{"cameraMode":{"drawMode":0,"name":"Shaded","section":"Shading Mode"},"sceneLighting":true,"audioPlay":false,"sceneViewState":{"m_AlwaysRefresh":false,"showFog":true,"showSkybox":true,"showFlares":true,"showImageEffects":true,"showParticleSystems":true,"showVisualEffectGraphs":true,"m_FxEnabled":true},"in2DMode":false,"pivot":{"x":21.36567497253418,"y":-11.287863731384278,"z":15.325239181518555},"rotation":{"x":-0.05500980466604233,"y":-0.9420074820518494,"z":0.19224180281162263,"w":-0.2695646584033966},"size":20.904478073120118,"orthographic":false}