{"cameraMode":{"drawMode":0,"name":"Shaded","section":"Shading Mode"},"sceneLighting":true,"audioPlay":false,"sceneViewState":{"m_AlwaysRefresh":false,"showFog":true,"showSkybox":true,"showFlares":true,"showImageEffects":true,"showParticleSystems":true,"showVisualEffectGraphs":true,"m_FxEnabled":false},"in2DMode":false,"pivot":{"x":6.57472562789917,"y":2.202268600463867,"z":39.424808502197269},"rotation":{"x":-0.0036168282385915519,"y":-0.987014651298523,"z":0.02069028839468956,"w":-0.15975138545036317},"size":1.6414223909378052,"orthographic":false}