{"cameraMode":{"drawMode":0,"name":"Shaded","section":"Shading Mode"},"sceneLighting":false,"audioPlay":false,"sceneViewState":{"m_AlwaysRefresh":false,"showFog":true,"showSkybox":false,"showFlares":true,"showImageEffects":true,"showParticleSystems":true,"showVisualEffectGraphs":true,"m_FxEnabled":true},"in2DMode":false,"pivot":{"x":0.5984393358230591,"y":3.2700729370117189,"z":9.782137870788575},"rotation":{"x":-0.0002775577886495739,"y":-0.9876819849014282,"z":-0.1565435528755188,"w":0.0017673883121460677},"size":1.9649977684020997,"orthographic":false}