{"cameraMode":{"drawMode":0,"name":"Shaded","section":"Shading Mode"},"sceneLighting":true,"audioPlay":false,"sceneViewState":{"m_AlwaysRefresh":false,"showFog":true,"showSkybox":true,"showFlares":true,"showImageEffects":true,"showParticleSystems":true,"showVisualEffectGraphs":true,"m_FxEnabled":true},"in2DMode":false,"pivot":{"x":4.207061290740967,"y":-3.9683680534362795,"z":2.908627510070801},"rotation":{"x":0.11425144970417023,"y":0.8783776164054871,"z":-0.26193708181381228,"w":0.38312968611717226},"size":6.768149375915527,"orthographic":false}