{"cameraMode":{"drawMode":0,"name":"Shaded","section":"Shading Mode"},"sceneLighting":true,"audioPlay":false,"sceneViewState":{"m_AlwaysRefresh":false,"showFog":true,"showSkybox":true,"showFlares":true,"showImageEffects":true,"showParticleSystems":true,"showVisualEffectGraphs":true,"m_FxEnabled":true},"in2DMode":false,"pivot":{"x":3.3736164569854738,"y":1.979882001876831,"z":4.628010272979736},"rotation":{"x":0.002243106020614505,"y":0.9947692155838013,"z":-0.10061882436275482,"w":0.02054847590625286},"size":3.7011666297912599,"orthographic":false}