{"cameraMode":{"drawMode":0,"name":"Shaded","section":"Shading Mode"},"sceneLighting":true,"audioPlay":false,"sceneViewState":{"m_AlwaysRefresh":false,"showFog":true,"showSkybox":true,"showFlares":true,"showImageEffects":true,"showParticleSystems":true,"showVisualEffectGraphs":true,"m_FxEnabled":true},"in2DMode":false,"pivot":{"x":7.058169841766357,"y":2.372469425201416,"z":1.0291316509246827},"rotation":{"x":-0.20391690731048585,"y":-0.036711353808641437,"z":0.007656299974769354,"w":-0.9782900810241699},"size":3.7703003883361818,"orthographic":true}