{"cameraMode":{"drawMode":0,"name":"Shaded","section":"Shading Mode"},"sceneLighting":true,"audioPlay":false,"sceneViewState":{"m_AlwaysRefresh":false,"showFog":true,"showSkybox":true,"showFlares":true,"showImageEffects":true,"showParticleSystems":true,"showVisualEffectGraphs":true,"m_FxEnabled":true},"in2DMode":false,"pivot":{"x":1.7353506088256837,"y":2.1322927474975588,"z":-3.571310043334961},"rotation":{"x":0.002000671112909913,"y":0.997520387172699,"z":-0.0632365345954895,"w":0.03141837194561958},"size":5.008148670196533,"orthographic":false}