{"cameraMode":{"drawMode":0,"name":"Shaded","section":"Shading Mode"},"sceneLighting":false,"audioPlay":false,"sceneViewState":{"m_AlwaysRefresh":false,"showFog":true,"showSkybox":false,"showFlares":true,"showImageEffects":true,"showParticleSystems":true,"showVisualEffectGraphs":true,"m_FxEnabled":true},"in2DMode":false,"pivot":{"x":9.919659614562989,"y":5.910852432250977,"z":3.0451669692993166},"rotation":{"x":0.02572627365589142,"y":0.45149216055870058,"z":-0.012960397638380528,"w":0.8918597102165222},"size":11.78364372253418,"orthographic":false}